name,ctrl1,ctrl2,ctrl3,exp1,exp2,exp3
0.1,0.975412504747244,0.870919446169177,1.95751807943518,0.378819158532431,0.342853474462721,0.552684144252576
0.5,0.313225682094213,0.454680498031248,0.779467973455982,0.101430152953987,0.177517438079201,0.279887175127241
1,0.252429280298761,0.22714265145548,0.399642343566697,0.0833913748242256,0.105977082973936,0.218999872667556
2,0.120339814802736,0.127417352782278,0.21100749904269,0.0285945458317332,0.0533841794055171,0.0720920602587515
