name,ctrl1,ctrl2,ctrl3,exp1,exp2,exp3
0.1,0.607324153129677,0.454730207544821,0.37277074552584,0.228790570579034,0.24952533004476,0.173762874316526
0.5,0.271290498064823,0.258981004807702,0.177439932594823,0.0693790478302321,0.0731275859280368,0.0899149104206151
1,0.208043605289189,0.125468368334051,0.129120957607802,0.0729451178347426,0.0746345231728675,0.0356184078903068
2,0.11618016355925,0.0826617679721936,0.0696714536962628,0.0310338606458044,0.02590626728525,0.016852270515016
